"","V1","tumor_wgs_icgc_sample_id","histology_abbreviation","chrom","beg","end","rg_type","del_type","ins_type","mechanism","rg_len","Motif(5'->3')","microhomology/insertion","Clonality","ICGC Donor","donor_barcode"
"1",1,"SA503918","Lung-SCC","chr1",147291835,147294155,"DEL","Interstitial","Solo-L1","TPRT",2364,"TTTT/G","TT/-","UNK(short)","DO27318","TCGA-33-4586"
"2",2,"SA320731","Lung-SCC","chr2",20519060,20521011,"DEL","Interstitial","Solo-L1","TPRT",1967,"CTTT/A","GCA/-","UNK(short)","DO27747","TCGA-66-2766"
"3",3,"SA503919","Lung-SCC","chr2",42278281,42354359,"DEL","Interstitial","Solo-L1","EI",76129,NA,NA,"UNK(short)","DO26572","TCGA-18-3408"
"4",4,"SA503921","Lung-SCC","chr2",195188581,195189720,"DEL","Interstitial","Solo-L1","TPRT",1246,"TTCT/A","-/-","UNK(short)","DO27326","TCGA-66-2759"
"5",5,"SA320731","Lung-SCC","chr2",238775785,238776628,"DEL","Interstitial","Solo-L1","TPRT",844,"TTCT/A","GGTG/-","UNK(short)","DO27747","TCGA-66-2766"
"6",6,"SA313800","Lung-SCC","chr4",34327036,34327773,"DEL","Interstitial","Orphan","TPRT",849,"TTTC/A","CA/-","UNK(short)","DO27334","TCGA-66-2793"
"7",7,"SA503921","Lung-SCC","chr4",180341571,180344573,"DEL","Interstitial","Solo-L1","TPRT",3001,"TTTT/A","TTT/-","UNK(short)","DO27326","TCGA-66-2759"
"8",8,"SA310395","Lung-SCC","chr7",17517503,17519275,"DEL","Interstitial","Solo-L1","TPRT",1772,"TTAT/A","-/-","UNK(short)","DO27120","TCGA-21-5782"
"9",9,"SA320731","Lung-SCC","chr7",76510583,76514053,"DEL","Interstitial","Solo-L1","TPRT",3511,"TCTT/A","-/GACTTTAAG","UNK(short)","DO27747","TCGA-66-2766"
"10",10,"SA320731","Lung-SCC","chr7",89795320,89798826,"DEL","Interstitial","Solo-L1","TPRT",3506,"TCTC/A","TT/-","UNK(short)","DO27747","TCGA-66-2766"
"11",11,"SA320731","Lung-SCC","chr8",4633363,4634282,"DEL","Interstitial","Partnered","TPRT",923,"TTCT/A","TG/-","UNK(short)","DO27747","TCGA-66-2766"
"12",12,"SA320731","Lung-SCC","chr8",124548484,124550114,"DEL","Interstitial","Solo-L1","TPRT",1796,"GCTT/A","TCT/-","UNK(short)","DO27747","TCGA-66-2766"
"13",13,"SA320731","Lung-SCC","chr9",3732891,3734774,"DEL","Interstitial","Solo-L1","TPRT",1883,"CTTT/A","TGT/-","UNK(short)","DO27747","TCGA-66-2766"
"14",14,"SA503541","Lung-SCC","chr11",84427695,135006516,"DEL","Telomeric","Solo-L1","UNK",50578822,"UNK",NA,"Clonal","DO26976","TCGA-56-7582"
"15",15,"SA503612","Lung-SCC","chr11",108277167,108278888,"DEL","Interstitial","Solo-L1","TPRT",1721,"TTTC/A","-/-","UNK(short)","DO27025","TCGA-66-2744"
"16",16,"SA310164","Lung-SCC","chr13",108729528,108732500,"DEL","Interstitial","Solo-L1","TPRT",2973,"TTTT/A","TCTA/-","UNK(short)","DO26508","TCGA-34-2596"
"17",17,"SA320731","Lung-SCC","chr15",40570266,40572636,"DEL","Interstitial","Solo-L1","TPRT",2365,"TTTT/A","ACTT/-","UNK(short)","DO27747","TCGA-66-2766"
"18",18,"SA313800","Lung-SCC","chr19",30462730,30463714,"DEL","Interstitial","Solo-L1","TPRT",984,"TCTT/A","-/-","UNK(short)","DO27334","TCGA-66-2793"
"19",19,"SA313800","Lung-SCC","chrX",51719382,102845311,"DEL","Interstitial","Partnered","TPRT",51125941,"TTTT/A","UNK","UNK(male)","DO27334","TCGA-66-2793"
