"","feature","fam.x","bigfam","cohort","effsize","magnitude","mean","median","p","p.adj","perc","sd","fam.y","Jang","Rodriguez","Previous report of Involvement in Cancer (Number of elements if available)","Novelty","group"
"1","LTR26C#LTR_ERV1","LTR_ERV1","LTR","BLCA",-2.01847940518669,"large",1.89159971524828,1.08916530104787,1.58930103779647e-08,8.2e-07,0.608695652173913,2.97050446539993,"LTR_ERV1","No","No","Prior demonstration in TCGA/PCAWG (21 of 300)","Prior demonstration in TCGA/PCAWG","Novel"
"2","Tigger16b#DNA_TcMar-Tigger","DNA_TcMar-Tigger","Transposable Elements","BLCA",-1.45911075676165,"large",1.72833630292533,1.02936643824213,1.01264834500288e-06,2.4e-05,0.652173913043478,2.62627621436503,"DNA_TcMar-Tigger","No","No","Prior demonstration in TCGA/PCAWG (9 of 81)","Prior demonstration in TCGA/PCAWG","Novel"
"3","LTR21C#LTR_ERV1","LTR_ERV1","LTR","BLCA",-1.3894680675771,"large",2.06695942918806,1.2172563335093,8.16469030032093e-06,0.00013,0.608695652173913,3.14915557442509,"LTR_ERV1","No","No","Prior demonstration in TCGA/PCAWG (21 of 300)","Prior demonstration in TCGA/PCAWG","Novel"
"4","X6a_DNA#DNA_TcMar-Tigger","DNA_TcMar-Tigger","Transposable Elements","BLCA",-1.202811642685,"large",1.68092099433765,1.05138418477097,0.000199183191097065,0.0019,0.695652173913043,2.48048627999405,"DNA_TcMar-Tigger","No","No","Prior demonstration in TCGA/PCAWG (9 of 81)","Prior demonstration in TCGA/PCAWG","Novel"
"5","HY1#scRNA","scRNA","RNA Elements","BLCA",-1.19755683150556,"large",1.90725089857045,1.1010190696728,0.000162583137490027,0.0016,0.521739130434783,2.76623598336873,"scRNA","No","No","Subfamily Evidence","Subfamily Evidence","Subfamily Evidence"
"6","Kanga1#DNA_TcMar-Tc2","DNA_TcMar-Tc2","Transposable Elements","BLCA",-1.18488417582258,"large",1.70845877798492,1.05357364070281,6.23583887429706e-05,0.00073,0.652173913043478,2.45792411773653,"DNA_TcMar-Tc2","No","No","Novel","Novel","Novel"
"7","L1MEi#LINE_L1","LINE_L1","LINE","BLCA",-1.17578789290242,"large",1.54830123960635,1.03641058118342,0.000220180508220348,0.0021,0.869565217391304,2.17948369860131,"LINE_L1","No","Rodriguez-Martin et al","Prior demonstration in TCGA/PCAWG (132 of 132)","Prior demonstration in TCGA/PCAWG","Prior demonstration in TCGA/PCAWG"
"8","tRNA-Arg-AGA#tRNA","tRNA","RNA Elements","BLCA",1.15327558829839,"large",2.60120826468587,1.38132365098107,0.000573176286305578,0.0047,0.304347826086957,3.32114364173483,"tRNA","No","No","Subfamily Evidence","Subfamily Evidence","Subfamily Evidence"
"9","U2#snRNA","snRNA","RNA Elements","BLCA",-1.15309946059176,"large",2.03393002262855,1.06574898457101,0.0003947265060609,0.0035,0.434782608695652,3.04331830975668,"snRNA","No","No","Subfamily Evidence","Subfamily Evidence","Subfamily Evidence"
"10","HY4#scRNA","scRNA","RNA Elements","BLCA",1.14795764593354,"large",2.70259876360134,1.15796753669269,0.000326002978442792,0.003,0.260869565217391,3.81108213991308,"scRNA","No","No","Subfamily Evidence","Subfamily Evidence","Subfamily Evidence"
"11","7SK#snRNA","snRNA","RNA Elements","BLCA",-1.13296109408319,"large",2.09557340655114,1.06792327213345,0.00106894151966291,0.0078,0.478260869565217,3.3505636092745,"snRNA","No","No","Subfamily Evidence","Subfamily Evidence","Subfamily Evidence"
"12","tRNA-Gln-CAG#tRNA","tRNA","RNA Elements","BLCA",1.12859420106597,"large",4.79054055999898,1.35116970780985,0.000433819436413861,0.0038,0.130434782608696,6.09361805458298,"tRNA","No","No","Subfamily Evidence","Subfamily Evidence","Subfamily Evidence"
"13","tRNA-Ala-GCY_v#tRNA","tRNA","RNA Elements","BLCA",1.12435092867045,"large",3.40109967050884,1.99015238291238,0.000522759326263819,0.0044,0.130434782608696,2.57980292850148,"tRNA","No","No","Subfamily Evidence","Subfamily Evidence","Subfamily Evidence"
"14","tRNA-Ile-ATC#tRNA","tRNA","RNA Elements","BLCA",1.12378233465352,"large",3.41016985828167,1.8637408012711,0.000822062863699219,0.0063,0.260869565217391,3.63855556238061,"tRNA","No","No","Subfamily Evidence","Subfamily Evidence","Subfamily Evidence"
"15","HY3#scRNA","scRNA","RNA Elements","BLCA",-1.12345332408267,"large",2.09555632969967,1.11564521582053,0.00068747419238322,0.0055,0.434782608695652,3.08083237083135,"scRNA","No","No","Subfamily Evidence","Subfamily Evidence","Subfamily Evidence"
"16","LTR71A#LTR_ERV1","LTR_ERV1","LTR","BRCA",1.79740078512533,"large",1.14976033476217,1.13282903707784,9.29290364264278e-22,7.1e-18,0.89010989010989,0.106782383487755,"LTR_ERV1","No","No","Prior demonstration in TCGA/PCAWG (21 of 300)","Prior demonstration in TCGA/PCAWG","Novel"
"17","L1MA5A#LINE_L1","LINE_L1","LINE","BRCA",1.61216303312299,"large",1.0365871096846,1.02475441193138,2.00068616084126e-19,4.4e-16,0.857142857142857,0.031392809178598,"LINE_L1","No","Rodriguez-Martin et al","Prior demonstration in TCGA/PCAWG (132 of 132)","Prior demonstration in TCGA/PCAWG","Prior demonstration in TCGA/PCAWG"
"18","MLT2B3#LTR_ERVL","LTR_ERVL","LTR","BRCA",1.4627367241771,"large",1.07362314049204,1.05326810543777,5.23382594103389e-21,2.7e-17,0.857142857142857,0.066321347007835,"LTR_ERVL","No","No","Prior demonstration in TCGA/PCAWG (14 of 124)","Prior demonstration in TCGA/PCAWG","Novel"
"19","MLT1E#LTR_ERVL-MaLR","LTR_ERVL-MaLR","LTR","BRCA",1.42740387962783,"large",1.07029517365303,1.05548614485482,1.97153880142649e-17,2.8e-14,0.615384615384615,0.0450957427759154,"LTR_ERVL-MaLR","No","No","Prior demonstration in TCGA/PCAWG (21 of 49)","Prior demonstration in TCGA/PCAWG","Novel"
"20","Eulor8#DNA_TcMar","DNA_TcMar","Transposable Elements","BRCA",1.42529026713163,"large",1.13847118963282,1.11579089565164,9.36685820579727e-17,9.6e-14,0.659340659340659,0.072489820684837,"DNA_TcMar","No","No","Novel","Novel","Novel"
"21","LTR57-int#LTR_ERVL","LTR_ERVL","LTR","BRCA",-1.42069401001581,"large",1.16415112443353,1.13915962486084,2.2409883077429e-16,1.9e-13,0.802197802197802,0.105346415872506,"LTR_ERVL","No","No","Prior demonstration in TCGA/PCAWG (14 of 124)","Prior demonstration in TCGA/PCAWG","Novel"
"22","hAT-1_Mam#DNA_hAT-Tag1","DNA_hAT-Tag1","Transposable Elements","BRCA",-1.41209363881988,"large",1.077502113739,1.06578944052442,1.20220753158155e-23,1.8e-19,0.912087912087912,0.0562786922849496,"DNA_hAT-Tag1","No","No","Novel","Novel","Novel"
"23","MER97b#DNA_hAT-Tip100","DNA_hAT-Tip100","Transposable Elements","BRCA",1.38602325293435,"large",1.08500329663611,1.07303738550063,3.96760897745744e-17,4.7e-14,0.483516483516484,0.0379577507655085,"DNA_hAT-Tip100","No","No","Prior demonstration in TCGA/PCAWG (5 of 54)","Prior demonstration in TCGA/PCAWG","Novel"
"24","MER67C#LTR_ERV1","LTR_ERV1","LTR","BRCA",1.3564587626736,"large",1.07511641772446,1.06635274603519,1.40034452656506e-16,1.3e-13,0.802197802197802,0.0523904566960677,"LTR_ERV1","No","No","Prior demonstration in TCGA/PCAWG (21 of 300)","Prior demonstration in TCGA/PCAWG","Novel"
"25","MamGypLTR2c#LTR_Gypsy","LTR_Gypsy","LTR","BRCA",1.3480709347658,"large",1.0582512678203,1.04125843401223,8.60917095908624e-16,6.6e-13,0.659340659340659,0.0461300257630832,"LTR_Gypsy","No","No","Prior demonstration in TCGA/PCAWG (2 of 25)","Prior demonstration in TCGA/PCAWG","Novel"
"26","Eutr5#LTR","LTR","LTR","BRCA",-1.34749364826911,"large",1.1105905426123,1.09703945516309,1.22733541231506e-14,5.2e-12,0.78021978021978,0.0648836589079912,"LTR","No","No","Subfamily Evidence","Subfamily Evidence","Subfamily Evidence"
"27","MamGypLTR4#LTR_Gypsy","LTR_Gypsy","LTR","BRCA",1.33068108976555,"large",1.07832874898429,1.06396619253965,6.45245264857064e-15,3.2e-12,0.604395604395604,0.0449567634108909,"LTR_Gypsy","No","No","Prior demonstration in TCGA/PCAWG (2 of 25)","Prior demonstration in TCGA/PCAWG","Novel"
"28","MER83C#LTR_ERV1","LTR_ERV1","LTR","BRCA",1.32985792193962,"large",1.14014119129684,1.13024657300356,3.29503235260534e-15,1.9e-12,0.604395604395604,0.103126128457365,"LTR_ERV1","No","No","Prior demonstration in TCGA/PCAWG (21 of 300)","Prior demonstration in TCGA/PCAWG","Novel"
"29","X6a_DNA#DNA_TcMar-Tigger","DNA_TcMar-Tigger","Transposable Elements","BRCA",-1.31356594671852,"large",1.0683398757172,1.06327576451144,1.91501407634274e-15,1.2e-12,0.824175824175824,0.0330597597122964,"DNA_TcMar-Tigger","No","No","Prior demonstration in TCGA/PCAWG (9 of 81)","Prior demonstration in TCGA/PCAWG","Novel"
"30","ERVL-int#LTR_ERVL","LTR_ERVL","LTR","BRCA",1.297056259957,"large",1.07547885283442,1.067525003231,7.05358363752567e-15,3.4e-12,0.736263736263736,0.0516211618197563,"LTR_ERVL","No","No","Prior demonstration in TCGA/PCAWG (14 of 124)","Prior demonstration in TCGA/PCAWG","Novel"
"31","LTR43#LTR_ERV1","LTR_ERV1","LTR","CESC",1.82624136227343,"large",1.09396026314574,1.07318861289318,1.65444862451198e-06,3.5e-05,0.95,0.0590902578445431,"LTR_ERV1","No","No","Prior demonstration in TCGA/PCAWG (21 of 300)","Prior demonstration in TCGA/PCAWG","Novel"
"32","MER63C#DNA_hAT-Tip100","DNA_hAT-Tip100","Transposable Elements","CESC",1.62043968684616,"large",1.0560291748662,1.04896086033294,1.56463424829242e-05,0.00023,0.55,0.0298156380696548,"DNA_hAT-Tip100","No","No","Prior demonstration in TCGA/PCAWG (5 of 54)","Prior demonstration in TCGA/PCAWG","Novel"
"33","LTR5A#LTR_ERVK","LTR_ERVK","LTR","CESC",1.59160878938405,"large",1.12449408616875,1.11285816869571,3.8988867155429e-05,0.00049,0.9,0.0624317014282546,"LTR_ERVK","No","No","Prior demonstration in TCGA/PCAWG (2 of 42)","Prior demonstration in TCGA/PCAWG","Novel"
"34","LTR15#LTR_ERV1","LTR_ERV1","LTR","CESC",1.53430446001106,"large",1.12607207245704,1.12478896030785,8.17635387447256e-06,0.00013,0.85,0.0519925605070481,"LTR_ERV1","No","No","Prior demonstration in TCGA/PCAWG (21 of 300)","Prior demonstration in TCGA/PCAWG","Novel"
"35","LTR48B#LTR_ERV1","LTR_ERV1","LTR","CESC",-1.45395192026728,"large",1.07590472862993,1.06425930821093,4.51018103482194e-05,0.00055,0.7,0.0403326598772425,"LTR_ERV1","No","No","Prior demonstration in TCGA/PCAWG (21 of 300)","Prior demonstration in TCGA/PCAWG","Novel"
"36","HERV16-int#LTR_ERVL","LTR_ERVL","LTR","CESC",1.35232793939303,"large",1.02954353776007,1.02258682728684,0.000104263633789194,0.0011,0.8,0.0163730729391683,"LTR_ERVL","No","No","Prior demonstration in TCGA/PCAWG (14 of 124)","Prior demonstration in TCGA/PCAWG","Novel"
"37","LTR67B#LTR_ERVL","LTR_ERVL","LTR","CESC",1.35219959665905,"large",1.03498179052518,1.03010018394425,0.000119210299603974,0.0012,0.6,0.0160063393628586,"LTR_ERVL","No","No","Prior demonstration in TCGA/PCAWG (14 of 124)","Prior demonstration in TCGA/PCAWG","Novel"
"38","LTR53B#LTR_ERVL","LTR_ERVL","LTR","CESC",1.3451052893571,"large",1.19806499945957,1.19055029284511,0.000257973808295422,0.0024,0.65,0.0962786366717104,"LTR_ERVL","No","No","Prior demonstration in TCGA/PCAWG (14 of 124)","Prior demonstration in TCGA/PCAWG","Novel"
"39","LTR41C#LTR_ERVL","LTR_ERVL","LTR","CESC",1.3245947687668,"large",1.06972571686553,1.05884084668068,9.64754072071381e-06,0.00015,0.55,0.0331508161022564,"LTR_ERVL","No","No","Prior demonstration in TCGA/PCAWG (14 of 124)","Prior demonstration in TCGA/PCAWG","Novel"
"40","MER67C#LTR_ERV1","LTR_ERV1","LTR","CESC",1.32449004893279,"large",1.05858947201955,1.04839127539525,0.000200623448676841,0.0019,0.55,0.0355086436244814,"LTR_ERV1","No","No","Prior demonstration in TCGA/PCAWG (21 of 300)","Prior demonstration in TCGA/PCAWG","Novel"
"41","L1MC2#LINE_L1","LINE_L1","LINE","CESC",1.28414725485662,"large",1.02904190536425,1.02062798877675,0.000329847899611405,0.003,0.9,0.0239935499920332,"LINE_L1","Jang et al","Rodriguez-Martin et al","Prior demonstration in TCGA/PCAWG (132 of 132)","Prior demonstration in TCGA/PCAWG","Prior demonstration in TCGA/PCAWG"
"42","Tigger16b#DNA_TcMar-Tigger","DNA_TcMar-Tigger","Transposable Elements","CESC",-1.27182248556432,"large",1.0554005688403,1.04658967315946,0.000291907749469291,0.0027,0.95,0.0299876505121827,"DNA_TcMar-Tigger","No","No","Prior demonstration in TCGA/PCAWG (9 of 81)","Prior demonstration in TCGA/PCAWG","Novel"
"43","MER4A#LTR_ERV1","LTR_ERV1","LTR","CESC",1.23968168846695,"large",1.07280683515178,1.06150886484807,0.000835765782324761,0.0064,0.8,0.0426782671304538,"LTR_ERV1","No","No","Prior demonstration in TCGA/PCAWG (21 of 300)","Prior demonstration in TCGA/PCAWG","Novel"
"44","LTR89B#LTR_ERVL","LTR_ERVL","LTR","CESC",1.2352689547516,"large",1.07125601017227,1.06202739364702,2.49121253135375e-05,0.00033,0.65,0.0444904369140558,"LTR_ERVL","No","No","Prior demonstration in TCGA/PCAWG (14 of 124)","Prior demonstration in TCGA/PCAWG","Novel"
"45","LTR105_Mam#LTR_ERVL","LTR_ERVL","LTR","CESC",1.2025051464729,"large",1.06501950711484,1.05835468463302,0.000257973808295422,0.0024,0.5,0.0287673514572373,"LTR_ERVL","No","No","Prior demonstration in TCGA/PCAWG (14 of 124)","Prior demonstration in TCGA/PCAWG","Novel"
"46","LTR35#LTR_ERV1","LTR_ERV1","LTR","COAD-READ",1.07984133072618,"large",1.16629662613228,1.16674400420924,4.2067620672048e-09,2.6e-07,0.766666666666667,0.10207438366324,"LTR_ERV1","No","No","Prior demonstration in TCGA/PCAWG (21 of 300)","Prior demonstration in TCGA/PCAWG","Novel"
"47","MER74C#LTR_ERVL","LTR_ERVL","LTR","COAD-READ",-1.00241714840077,"large",1.15371534917643,1.1190713275388,1.86675924828079e-08,9.3e-07,0.766666666666667,0.177123067025272,"LTR_ERVL","No","No","Prior demonstration in TCGA/PCAWG (14 of 124)","Prior demonstration in TCGA/PCAWG","Novel"
"48","MER68B#LTR_ERVL","LTR_ERVL","LTR","COAD-READ",-0.921015399356037,"large",1.09415099385476,1.07374262842421,4.43384824842206e-06,7.7e-05,0.733333333333333,0.0604702828234495,"LTR_ERVL","No","No","Prior demonstration in TCGA/PCAWG (14 of 124)","Prior demonstration in TCGA/PCAWG","Novel"
"49","MLT1H2#LTR_ERVL-MaLR","LTR_ERVL-MaLR","LTR","COAD-READ",-0.891204535258149,"large",1.06330475466763,1.03852666319548,4.0087307039877e-06,7.1e-05,0.866666666666667,0.0744795830396894,"LTR_ERVL-MaLR","No","No","Prior demonstration in TCGA/PCAWG (21 of 49)","Prior demonstration in TCGA/PCAWG","Novel"
"50","BSR_Beta#Satellite","Satellite","Satellite","COAD-READ",0.886119915909487,"large",1.20910190794075,1.1612556961134,1.39216277518929e-06,3e-05,1,0.210907027108059,"Satellite","No","No","Subfamily Evidence","Subfamily Evidence","Subfamily Evidence"
"51","Tigger10#DNA_TcMar-Tigger","DNA_TcMar-Tigger","Transposable Elements","COAD-READ",-0.850460717594702,"large",1.06140362174362,1.05444336365512,0.000278323315166003,0.0026,0.816666666666667,0.040687499820862,"DNA_TcMar-Tigger","No","No","Prior demonstration in TCGA/PCAWG (9 of 81)","Prior demonstration in TCGA/PCAWG","Novel"
"52","HUERS-P1-int#LTR_ERV1","LTR_ERV1","LTR","COAD-READ",-0.849753768415906,"large",1.077640010119,1.06224846400567,2.09964887815186e-05,0.00029,0.55,0.0640745456725466,"LTR_ERV1","No","No","Prior demonstration in TCGA/PCAWG (21 of 300)","Prior demonstration in TCGA/PCAWG","Novel"
"53","LTR77#LTR_ERV1","LTR_ERV1","LTR","COAD-READ",0.83885515637556,"large",1.17477098378729,1.14588682299135,3.18880437541296e-05,0.00041,0.616666666666667,0.106324606182349,"LTR_ERV1","No","No","Prior demonstration in TCGA/PCAWG (21 of 300)","Prior demonstration in TCGA/PCAWG","Novel"
"54","MLT1J#LTR_ERVL-MaLR","LTR_ERVL-MaLR","LTR","COAD-READ",-0.832250097604172,"large",1.04593924115359,1.03020074334209,3.27269932245457e-06,6e-05,0.866666666666667,0.0473123517578152,"LTR_ERVL-MaLR","Jang et al","No","Prior demonstration in TCGA/PCAWG (21 of 49)","Prior demonstration in TCGA/PCAWG","Prior demonstration in TCGA/PCAWG"
"55","LTR81B#LTR_Gypsy","LTR_Gypsy","LTR","COAD-READ",-0.818078881554747,"large",1.08794720981187,1.04954736617586,6.14116756397582e-09,3.6e-07,0.7,0.147256792406254,"LTR_Gypsy","No","No","Prior demonstration in TCGA/PCAWG (2 of 25)","Prior demonstration in TCGA/PCAWG","Novel"
"56","LTR53B#LTR_ERVL","LTR_ERVL","LTR","COAD-READ",0.799515426471094,"moderate",1.20281674582721,1.15732937209716,0.000115670414169132,0.0012,0.65,0.141334824039506,"LTR_ERVL","No","No","Prior demonstration in TCGA/PCAWG (14 of 124)","Prior demonstration in TCGA/PCAWG","Novel"
"57","MER66A#LTR_ERV1","LTR_ERV1","LTR","COAD-READ",-0.797696315699845,"moderate",1.14796662679174,1.09069218097351,1.07761248882183e-05,0.00016,0.6,0.211184698209563,"LTR_ERV1","No","No","Prior demonstration in TCGA/PCAWG (21 of 300)","Prior demonstration in TCGA/PCAWG","Novel"
"58","LTR55#LTR_ERVL","LTR_ERVL","LTR","COAD-READ",0.791383158236393,"moderate",1.12826558204621,1.11506461483585,3.41597180050831e-05,0.00044,0.383333333333333,0.0709338636182131,"LTR_ERVL","No","No","Prior demonstration in TCGA/PCAWG (14 of 124)","Prior demonstration in TCGA/PCAWG","Novel"
"59","MER90#LTR_ERV1","LTR_ERV1","LTR","COAD-READ",-0.777493190897467,"moderate",1.05623294624087,1.04672793105785,1.46739055696698e-06,3.1e-05,0.633333333333333,0.0310835650523487,"LTR_ERV1","Jang et al","No","Prior demonstration in TCGA/PCAWG (21 of 300)","Prior demonstration in TCGA/PCAWG","Prior demonstration in TCGA/PCAWG"
"60","MER50-int#LTR_ERV1","LTR_ERV1","LTR","COAD-READ",-0.766376078841015,"moderate",1.09129146167639,1.06131950201971,0.000468378525522942,0.004,0.766666666666667,0.0815547226182942,"LTR_ERV1","No","No","Prior demonstration in TCGA/PCAWG (21 of 300)","Prior demonstration in TCGA/PCAWG","Novel"
"61","LTR21C#LTR_ERV1","LTR_ERV1","LTR","HNSC",-1.49657425707158,"large",1.23720080363103,1.19360270447073,6.77133283274175e-14,2.2e-11,0.75,0.170113912365064,"LTR_ERV1","No","No","Prior demonstration in TCGA/PCAWG (21 of 300)","Prior demonstration in TCGA/PCAWG","Novel"
"62","Eutr5#LTR","LTR","LTR","HNSC",-1.48645978938438,"large",1.08023543061873,1.06529434976191,6.29061482478015e-10,5.5e-08,0.704545454545455,0.047997514648863,"LTR","No","No","Subfamily Evidence","Subfamily Evidence","Subfamily Evidence"
"63","EUTREP15#LTR_ERV1","LTR_ERV1","LTR","HNSC",-1.37790939448781,"large",1.13446697408212,1.11040384074825,1.30035613016039e-09,9.8e-08,0.522727272727273,0.087544712256703,"LTR_ERV1","No","No","Prior demonstration in TCGA/PCAWG (21 of 300)","Prior demonstration in TCGA/PCAWG","Novel"
"64","LTR35B#LTR_ERV1","LTR_ERV1","LTR","HNSC",-1.30918876508287,"large",1.11157199331071,1.07676297013389,6.28074430965903e-09,3.7e-07,0.659090909090909,0.0696118180502279,"LTR_ERV1","No","No","Prior demonstration in TCGA/PCAWG (21 of 300)","Prior demonstration in TCGA/PCAWG","Novel"
"65","LTR19C#LTR_ERV1","LTR_ERV1","LTR","HNSC",-1.26105619240331,"large",1.16382357200752,1.12065698549784,1.54119974173965e-08,8e-07,0.727272727272727,0.129339343157494,"LTR_ERV1","No","No","Prior demonstration in TCGA/PCAWG (21 of 300)","Prior demonstration in TCGA/PCAWG","Novel"
"66","HERV-Fc2-int#LTR_ERV1","LTR_ERV1","LTR","HNSC",-1.12645101071886,"large",1.14152973827022,1.13475994240515,5.83290716686001e-05,0.00069,0.727272727272727,0.0524981449312869,"LTR_ERV1","No","No","Prior demonstration in TCGA/PCAWG (21 of 300)","Prior demonstration in TCGA/PCAWG","Novel"
"67","LTR22E#LTR_ERVK","LTR_ERVK","LTR","HNSC",-1.11152740930476,"large",1.11777019592515,1.09364738461386,1.45320254510941e-08,7.7e-07,0.681818181818182,0.0947259852235031,"LTR_ERVK","No","No","Prior demonstration in TCGA/PCAWG (2 of 42)","Prior demonstration in TCGA/PCAWG","Novel"
"68","MER4D#LTR_ERV1","LTR_ERV1","LTR","HNSC",1.09537037463054,"large",1.07648445384021,1.06481363179474,3.38624473311835e-09,2.2e-07,0.659090909090909,0.0462374870156702,"LTR_ERV1","No","No","Prior demonstration in TCGA/PCAWG (21 of 300)","Prior demonstration in TCGA/PCAWG","Novel"
"69","L1MB2#LINE_L1","LINE_L1","LINE","HNSC",1.08022113836238,"large",1.03784689039554,1.02656727296474,1.7611200203658e-06,3.6e-05,0.863636363636364,0.03236197313705,"LINE_L1","Jang et al","Rodriguez-Martin et al","Prior demonstration in TCGA/PCAWG (132 of 132)","Prior demonstration in TCGA/PCAWG","Prior demonstration in TCGA/PCAWG"
"70","Charlie19a#DNA_hAT-Charlie","DNA_hAT-Charlie","Transposable Elements","HNSC",-1.07269588971797,"large",1.05968691801394,1.04919447981686,5.50149469703002e-07,1.5e-05,0.772727272727273,0.0322273057334444,"DNA_hAT-Charlie","No","No","Prior demonstration in TCGA/PCAWG (15 of 82)","Prior demonstration in TCGA/PCAWG","Novel"
"71","LTR5#LTR_ERVK","LTR_ERVK","LTR","HNSC",-1.04866707925733,"large",1.0902670458386,1.0678945144432,1.01554224237658e-05,0.00016,0.681818181818182,0.0582940828652988,"LTR_ERVK","No","No","Prior demonstration in TCGA/PCAWG (2 of 42)","Prior demonstration in TCGA/PCAWG","Novel"
"72","MER11B#LTR_ERVK","LTR_ERVK","LTR","HNSC",-1.04213109731555,"large",1.15760850215852,1.15432496510176,2.80419706760861e-06,5.3e-05,0.636363636363636,0.0667043934201622,"LTR_ERVK","No","No","Prior demonstration in TCGA/PCAWG (2 of 42)","Prior demonstration in TCGA/PCAWG","Novel"
"73","MLT2C1#LTR_ERVL","LTR_ERVL","LTR","HNSC",-1.01608773496459,"large",1.05801579659271,1.04001271505732,1.68528802634991e-05,0.00024,0.75,0.0411265961179256,"LTR_ERVL","No","No","Prior demonstration in TCGA/PCAWG (14 of 124)","Prior demonstration in TCGA/PCAWG","Novel"
"74","Tigger16b#DNA_TcMar-Tigger","DNA_TcMar-Tigger","Transposable Elements","HNSC",-1.01370052293534,"large",1.04792268950782,1.04019972103343,5.51824094700542e-06,9.2e-05,0.681818181818182,0.0240523221108852,"DNA_TcMar-Tigger","No","No","Prior demonstration in TCGA/PCAWG (9 of 81)","Prior demonstration in TCGA/PCAWG","Novel"
"75","LTR22A#LTR_ERVK","LTR_ERVK","LTR","HNSC",-0.99535940583534,"large",1.10391160132505,1.08319831688906,1.61654540858237e-05,0.00023,0.613636363636364,0.0658021245436987,"LTR_ERVK","No","No","Prior demonstration in TCGA/PCAWG (2 of 42)","Prior demonstration in TCGA/PCAWG","Novel"
"76","HERVL74-int#LTR_ERVL","LTR_ERVL","LTR","LIHC",-1.62828673890175,"large",1.0842687631765,1.07395059393245,3.01479752686081e-12,6.4e-10,0.685185185185185,0.0337473696992062,"LTR_ERVL","No","No","Prior demonstration in TCGA/PCAWG (14 of 124)","Prior demonstration in TCGA/PCAWG","Novel"
"77","LTR57-int#LTR_ERVL","LTR_ERVL","LTR","LIHC",-1.57011854775331,"large",1.10372380144424,1.09363971953268,7.48900988417646e-12,1.3e-09,0.740740740740741,0.0552672776536312,"LTR_ERVL","No","No","Prior demonstration in TCGA/PCAWG (14 of 124)","Prior demonstration in TCGA/PCAWG","Novel"
"78","HERVK11D-int#LTR_ERVK","LTR_ERVK","LTR","LIHC",-1.53111911071535,"large",1.3239023354467,1.27111531789732,8.15998305220275e-12,1.4e-09,0.740740740740741,0.191413119987407,"LTR_ERVK","No","No","Prior demonstration in TCGA/PCAWG (2 of 42)","Prior demonstration in TCGA/PCAWG","Novel"
"79","HERV15-int#LTR_ERV1","LTR_ERV1","LTR","LIHC",-1.50893060603097,"large",1.13821815884895,1.12440109970502,7.8259089687458e-11,1e-08,0.537037037037037,0.0763334754849006,"LTR_ERV1","No","No","Prior demonstration in TCGA/PCAWG (21 of 300)","Prior demonstration in TCGA/PCAWG","Novel"
"80","THE1-int#LTR_ERVL-MaLR","LTR_ERVL-MaLR","LTR","LIHC",-1.48067278932549,"large",1.12707354530617,1.12588433392926,4.93164858855049e-10,4.5e-08,0.592592592592593,0.0557095682844362,"LTR_ERVL-MaLR","No","No","Prior demonstration in TCGA/PCAWG (21 of 49)","Prior demonstration in TCGA/PCAWG","Novel"
"81","PABL_A-int#LTR_ERV1","LTR_ERV1","LTR","LIHC",-1.47777837005514,"large",1.11268895840409,1.10575216104871,5.08084911060256e-12,9.8e-10,0.759259259259259,0.0577024251547945,"LTR_ERV1","No","No","Prior demonstration in TCGA/PCAWG (21 of 300)","Prior demonstration in TCGA/PCAWG","Novel"
"82","MER51D#LTR_ERV1","LTR_ERV1","LTR","LIHC",-1.47736106760786,"large",1.15824711534845,1.13905070109148,1.62333683258524e-10,1.8e-08,0.5,0.0957368420845393,"LTR_ERV1","No","No","Prior demonstration in TCGA/PCAWG (21 of 300)","Prior demonstration in TCGA/PCAWG","Novel"
"83","U13_#snRNA","snRNA","RNA Elements","LIHC",-1.46611380726707,"large",1.13709044100335,1.1228798189376,2.42216211473361e-10,2.5e-08,0.518518518518518,0.0519303735593213,"snRNA","No","No","Subfamily Evidence","Subfamily Evidence","Subfamily Evidence"
"84","MLT1A0#LTR_ERVL-MaLR","LTR_ERVL-MaLR","LTR","LIHC",1.41666568806949,"large",1.03333082074939,1.0270735424959,7.28278456230892e-10,6.1e-08,0.796296296296296,0.024962580161754,"LTR_ERVL-MaLR","Jang et al","No","Prior demonstration in TCGA/PCAWG (21 of 49)","Prior demonstration in TCGA/PCAWG","Prior demonstration in TCGA/PCAWG"
"85","Arthur1A#DNA_hAT-Tip100","DNA_hAT-Tip100","Transposable Elements","LIHC",1.40242844903806,"large",1.05483965232744,1.0427792851408,3.74562934187486e-10,3.6e-08,0.462962962962963,0.037758918045286,"DNA_hAT-Tip100","Jang et al","No","Prior demonstration in TCGA/PCAWG (5 of 54)","Prior demonstration in TCGA/PCAWG","Prior demonstration in TCGA/PCAWG"
"86","L1ME3F#LINE_L1","LINE_L1","LINE","LIHC",-1.40214615071963,"large",1.04838140913506,1.04757393847067,1.49781168274176e-10,1.7e-08,0.944444444444444,0.0226587531346839,"LINE_L1","No","Rodriguez-Martin et al","Prior demonstration in TCGA/PCAWG (132 of 132)","Prior demonstration in TCGA/PCAWG","Prior demonstration in TCGA/PCAWG"
"87","L1MC#LINE_L1","LINE_L1","LINE","LIHC",-1.34322389383496,"large",1.03967523158757,1.03961991817994,1.76043882915825e-09,1.2e-07,0.981481481481482,0.0187446083442142,"LINE_L1","Jang et al","Rodriguez-Martin et al","Prior demonstration in TCGA/PCAWG (132 of 132)","Prior demonstration in TCGA/PCAWG","Prior demonstration in TCGA/PCAWG"
"88","LTR10C#LTR_ERV1","LTR_ERV1","LTR","LIHC",-1.33013840198245,"large",1.10296952271746,1.09618678643351,2.52054491798298e-10,2.6e-08,0.666666666666667,0.0502471553910623,"LTR_ERV1","Jang et al","No","Prior demonstration in TCGA/PCAWG (21 of 300)","Prior demonstration in TCGA/PCAWG","Prior demonstration in TCGA/PCAWG"
"89","LTR10A#LTR_ERV1","LTR_ERV1","LTR","LIHC",1.32871729199444,"large",1.10252283365599,1.09273764083824,1.04312812016338e-08,5.7e-07,0.833333333333333,0.0542083997069247,"LTR_ERV1","No","No","Prior demonstration in TCGA/PCAWG (21 of 300)","Prior demonstration in TCGA/PCAWG","Novel"
"90","L4_C_Mam#LINE_RTE-X","LINE_RTE-X","LINE","LIHC",1.30201870140782,"large",1.02285353711889,1.01803463139899,6.73924489490739e-09,3.9e-07,0.87037037037037,0.0129622370322515,"LINE_RTE-X","No","No","Novel","Novel","Novel"
"91","MER97b#DNA_hAT-Tip100","DNA_hAT-Tip100","Transposable Elements","LUAD",1.12832698771094,"large",1.11653905449496,1.09439770134653,1.64068596874779e-05,0.00023,0.657894736842105,0.0781707464362387,"DNA_hAT-Tip100","No","No","Prior demonstration in TCGA/PCAWG (5 of 54)","Prior demonstration in TCGA/PCAWG","Novel"
"92","MamGypLTR2c#LTR_Gypsy","LTR_Gypsy","LTR","LUAD",1.01394739255716,"large",1.08187199829859,1.06053673490314,2.48927114522437e-05,0.00033,0.763157894736842,0.0879475956098041,"LTR_Gypsy","No","No","Prior demonstration in TCGA/PCAWG (2 of 25)","Prior demonstration in TCGA/PCAWG","Novel"
"93","Tigger12A#DNA_TcMar-Tigger","DNA_TcMar-Tigger","Transposable Elements","LUAD",0.979961664628594,"large",1.08902688669299,1.07768370384841,1.06968155491855e-05,0.00016,0.657894736842105,0.0760263479204615,"DNA_TcMar-Tigger","No","No","Prior demonstration in TCGA/PCAWG (9 of 81)","Prior demonstration in TCGA/PCAWG","Novel"
"94","HERVL40-int#LTR_ERVL","LTR_ERVL","LTR","LUAD",0.95094250391128,"large",1.10005603505248,1.07473501982734,6.42371649588139e-05,0.00075,0.947368421052632,0.0883903880284228,"LTR_ERVL","No","No","Prior demonstration in TCGA/PCAWG (14 of 124)","Prior demonstration in TCGA/PCAWG","Novel"
"95","LTR15#LTR_ERV1","LTR_ERV1","LTR","LUAD",0.890045904578901,"large",1.19558210944614,1.1424612436336,0.000130431704870474,0.0013,0.763157894736842,0.153904912860699,"LTR_ERV1","No","No","Prior demonstration in TCGA/PCAWG (21 of 300)","Prior demonstration in TCGA/PCAWG","Novel"
"96","LTR45C#LTR_ERV1","LTR_ERV1","LTR","LUAD",0.877172352336081,"large",1.12945671499066,1.12646763747643,0.000267476818430865,0.0025,0.578947368421053,0.0583753495280869,"LTR_ERV1","No","No","Prior demonstration in TCGA/PCAWG (21 of 300)","Prior demonstration in TCGA/PCAWG","Novel"
"97","MER106B#DNA_hAT-Charlie","DNA_hAT-Charlie","Transposable Elements","LUAD",0.876113089406259,"large",1.07290334458053,1.05220563224711,0.000291831214524816,0.0027,0.736842105263158,0.0676498843092696,"DNA_hAT-Charlie","No","No","Prior demonstration in TCGA/PCAWG (15 of 82)","Prior demonstration in TCGA/PCAWG","Novel"
"98","LTR21B#LTR_ERV1","LTR_ERV1","LTR","LUAD",-0.841831840888375,"large",1.25558067933351,1.16414171366558,0.00100818006143182,0.0074,0.736842105263158,0.22969346087353,"LTR_ERV1","No","No","Prior demonstration in TCGA/PCAWG (21 of 300)","Prior demonstration in TCGA/PCAWG","Novel"
"99","L1MA5A#LINE_L1","LINE_L1","LINE","LUAD",0.831665073416417,"large",1.06987949984604,1.0508658921912,0.000931776745488769,0.007,0.868421052631579,0.0749946896444005,"LINE_L1","No","Rodriguez-Martin et al","Prior demonstration in TCGA/PCAWG (132 of 132)","Prior demonstration in TCGA/PCAWG","Prior demonstration in TCGA/PCAWG"
"100","MER68#LTR_ERVL","LTR_ERVL","LTR","LUAD",0.810729663974109,"large",1.0877498599577,1.07088618109097,0.00132283891733762,0.0093,0.763157894736842,0.081926651619577,"LTR_ERVL","No","No","Prior demonstration in TCGA/PCAWG (14 of 124)","Prior demonstration in TCGA/PCAWG","Novel"
"101","EUTREP15#LTR_ERV1","LTR_ERV1","LTR","LUAD",-0.803796826133943,"large",1.13271628745471,1.10503778771703,0.00192834026101783,0.013,0.684210526315789,0.0982335393169309,"LTR_ERV1","No","No","Prior demonstration in TCGA/PCAWG (21 of 300)","Prior demonstration in TCGA/PCAWG","Novel"
"102","MER67B#LTR_ERV1","LTR_ERV1","LTR","LUAD",-0.802388559415022,"large",1.12024534952459,1.08660925013975,0.00109026477984519,0.0079,0.578947368421053,0.096292433753333,"LTR_ERV1","No","No","Prior demonstration in TCGA/PCAWG (21 of 300)","Prior demonstration in TCGA/PCAWG","Novel"
"103","MER52-int#LTR_ERV1","LTR_ERV1","LTR","LUAD",0.788027333313995,"moderate",1.10200378362382,1.06915617842245,0.000171502420244787,0.0017,0.894736842105263,0.085495794135642,"LTR_ERV1","No","No","Prior demonstration in TCGA/PCAWG (21 of 300)","Prior demonstration in TCGA/PCAWG","Novel"
"104","LTR47A2#LTR_ERVL","LTR_ERVL","LTR","LUAD",-0.757634554365001,"moderate",1.18858504278967,1.13757389497291,0.00137445300578157,0.0096,0.552631578947368,0.116961869752732,"LTR_ERVL","No","No","Prior demonstration in TCGA/PCAWG (14 of 124)","Prior demonstration in TCGA/PCAWG","Novel"
"105","hAT-1_Mam#DNA_hAT-Tag1","DNA_hAT-Tag1","Transposable Elements","LUAD",-0.757376236159892,"moderate",1.07655746816638,1.04879480858572,0.00142789334639303,0.0099,0.868421052631579,0.0783692374656708,"DNA_hAT-Tag1","No","No","Novel","Novel","Novel"
"106","MER51E#LTR_ERV1","LTR_ERV1","LTR","LUSC",2.60844753056177,"large",1.15945688237266,1.15164841981913,7.48238103756295e-20,2.9e-16,0.75,0.0815257773116218,"LTR_ERV1","No","No","Prior demonstration in TCGA/PCAWG (21 of 300)","Prior demonstration in TCGA/PCAWG","Novel"
"107","LTR71A#LTR_ERV1","LTR_ERV1","LTR","LUSC",2.38939205766539,"large",1.14644559551709,1.13701277899246,1.63566824981299e-19,4.4e-16,0.895833333333333,0.0924282689387777,"LTR_ERV1","No","No","Prior demonstration in TCGA/PCAWG (21 of 300)","Prior demonstration in TCGA/PCAWG","Novel"
"108","MER50C#LTR_ERV1","LTR_ERV1","LTR","LUSC",2.35778223300833,"large",1.15073135168204,1.14294928637473,7.26716018018638e-19,1.2e-15,0.75,0.0764580579717955,"LTR_ERV1","No","No","Prior demonstration in TCGA/PCAWG (21 of 300)","Prior demonstration in TCGA/PCAWG","Novel"
"109","HUERS-P2-int#LTR_ERV1","LTR_ERV1","LTR","LUSC",2.26296731547838,"large",1.18240701015113,1.16796673520263,5.70337707142992e-19,1.1e-15,0.791666666666667,0.0916872648995092,"LTR_ERV1","No","No","Prior demonstration in TCGA/PCAWG (21 of 300)","Prior demonstration in TCGA/PCAWG","Novel"
"110","hAT-1_Mam#DNA_hAT-Tag1","DNA_hAT-Tag1","Transposable Elements","LUSC",-2.24405359094242,"large",1.08931255798925,1.07867182509769,1.31840696914556e-18,2e-15,0.916666666666667,0.0574370337326932,"DNA_hAT-Tag1","No","No","Novel","Novel","Novel"
"111","HERV1_LTRc#LTR_ERV1","LTR_ERV1","LTR","LUSC",2.19184087674302,"large",1.3254211378655,1.32206951093039,3.61304593430037e-17,4.6e-14,0.895833333333333,0.161975449930746,"LTR_ERV1","No","No","Prior demonstration in TCGA/PCAWG (21 of 300)","Prior demonstration in TCGA/PCAWG","Novel"
"112","LTR53B#LTR_ERVL","LTR_ERVL","LTR","LUSC",1.99930218547232,"large",1.15961358973026,1.12989474336564,8.73415630680831e-13,2.1e-10,0.729166666666667,0.105076018995647,"LTR_ERVL","No","No","Prior demonstration in TCGA/PCAWG (14 of 124)","Prior demonstration in TCGA/PCAWG","Novel"
"113","LTR8A#LTR_ERV1","LTR_ERV1","LTR","LUSC",-1.91981551115943,"large",1.10123537753086,1.09043548764791,1.19960071543684e-15,8.8e-13,0.9375,0.0704669221659791,"LTR_ERV1","No","No","Prior demonstration in TCGA/PCAWG (21 of 300)","Prior demonstration in TCGA/PCAWG","Novel"
"114","MER84#LTR_ERV1","LTR_ERV1","LTR","LUSC",1.83353805585264,"large",1.10001931839849,1.09489222371204,2.70040032717724e-15,1.7e-12,0.645833333333333,0.0391741408013114,"LTR_ERV1","No","No","Prior demonstration in TCGA/PCAWG (21 of 300)","Prior demonstration in TCGA/PCAWG","Novel"
"115","MER67B#LTR_ERV1","LTR_ERV1","LTR","LUSC",-1.80631272639019,"large",1.15004810771437,1.13361524595398,5.45421750598249e-17,6e-14,0.8125,0.0739331078348784,"LTR_ERV1","No","No","Prior demonstration in TCGA/PCAWG (21 of 300)","Prior demonstration in TCGA/PCAWG","Novel"
"116","Charlie6#DNA_hAT-Charlie","DNA_hAT-Charlie","Transposable Elements","LUSC",1.74598197162252,"large",1.09462955971833,1.08057969000967,8.34705255398726e-14,2.7e-11,0.708333333333333,0.0553590891503959,"DNA_hAT-Charlie","No","No","Prior demonstration in TCGA/PCAWG (15 of 82)","Prior demonstration in TCGA/PCAWG","Novel"
"117","LTR10D#LTR_ERV1","LTR_ERV1","LTR","LUSC",1.72160870238578,"large",1.18313616429988,1.16620205461175,2.06368626222875e-12,4.6e-10,0.854166666666667,0.0903361400586196,"LTR_ERV1","No","No","Prior demonstration in TCGA/PCAWG (21 of 300)","Prior demonstration in TCGA/PCAWG","Novel"
"118","LTR10G#LTR_ERV1","LTR_ERV1","LTR","LUSC",-1.71712053766194,"large",1.32753340479477,1.33792312535612,7.6954817990719e-15,3.6e-12,0.875,0.190628556689124,"LTR_ERV1","No","No","Prior demonstration in TCGA/PCAWG (21 of 300)","Prior demonstration in TCGA/PCAWG","Novel"
"119","Charlie17b#DNA_hAT-Charlie","DNA_hAT-Charlie","Transposable Elements","LUSC",1.70355081625841,"large",1.06575924413445,1.05442555154871,1.14250377196143e-13,3.4e-11,0.770833333333333,0.0400164319236926,"DNA_hAT-Charlie","No","No","Prior demonstration in TCGA/PCAWG (15 of 82)","Prior demonstration in TCGA/PCAWG","Novel"
"120","LTR47B3#LTR_ERVL","LTR_ERVL","LTR","LUSC",1.66784448103094,"large",1.19880458030346,1.1949441999221,7.15334756218454e-12,1.3e-09,0.791666666666667,0.110109227774383,"LTR_ERVL","No","No","Prior demonstration in TCGA/PCAWG (14 of 124)","Prior demonstration in TCGA/PCAWG","Novel"
"121","Tigger10#DNA_TcMar-Tigger","DNA_TcMar-Tigger","Transposable Elements","OV",-2.09108337082802,"large",1.09533221210427,1.08674336629101,9.78809289772106e-15,4.3e-12,0.952380952380952,0.0549705554861809,"DNA_TcMar-Tigger","No","No","Prior demonstration in TCGA/PCAWG (9 of 81)","Prior demonstration in TCGA/PCAWG","Novel"
"122","tRNA-Gln-CAA_v#tRNA","tRNA","RNA Elements","OV",-1.89745926209616,"large",2.96879401271577,2.97873578010584,1.7485744618963e-19,4.4e-16,0.976190476190476,1.10084801431696,"tRNA","No","No","Subfamily Evidence","Subfamily Evidence","Subfamily Evidence"
"123","MER51E#LTR_ERV1","LTR_ERV1","LTR","OV",1.66351279184398,"large",1.23269791908121,1.23410148245614,3.00266376056595e-09,2e-07,0.714285714285714,0.102950897007054,"LTR_ERV1","No","No","Prior demonstration in TCGA/PCAWG (21 of 300)","Prior demonstration in TCGA/PCAWG","Novel"
"124","Tigger16b#DNA_TcMar-Tigger","DNA_TcMar-Tigger","Transposable Elements","OV",-1.60511186342867,"large",1.04957039221716,1.03804808347013,2.14252120331687e-13,5.8e-11,0.80952380952381,0.0342096710289422,"DNA_TcMar-Tigger","No","No","Prior demonstration in TCGA/PCAWG (9 of 81)","Prior demonstration in TCGA/PCAWG","Novel"
"125","Eutr5#LTR","LTR","LTR","OV",-1.60009791151574,"large",1.08289008015683,1.06897807212102,5.21573152414801e-12,9.9e-10,0.738095238095238,0.0412013959688801,"LTR","No","No","Subfamily Evidence","Subfamily Evidence","Subfamily Evidence"
"126","HERV1_I#LTR_ERV1","LTR_ERV1","LTR","OV",1.58071382983906,"large",1.49825770576011,1.48559741286215,2.08296148045921e-10,2.3e-08,0.928571428571429,0.264125347610318,"LTR_ERV1","No","No","Prior demonstration in TCGA/PCAWG (21 of 300)","Prior demonstration in TCGA/PCAWG","Novel"
"127","HUERS-P2-int#LTR_ERV1","LTR_ERV1","LTR","OV",1.56660385524713,"large",1.29695198797035,1.26329011377576,1.98638710464817e-09,1.4e-07,0.833333333333333,0.16790042283242,"LTR_ERV1","No","No","Prior demonstration in TCGA/PCAWG (21 of 300)","Prior demonstration in TCGA/PCAWG","Novel"
"128","hAT-1_Mam#DNA_hAT-Tag1","DNA_hAT-Tag1","Transposable Elements","OV",-1.54461780483363,"large",1.04715572522807,1.04413941506041,4.68742027246162e-11,6.5e-09,0.928571428571429,0.0234916675207186,"DNA_hAT-Tag1","No","No","Novel","Novel","Novel"
"129","LTR27D#LTR_ERV1","LTR_ERV1","LTR","OV",1.49619985963839,"large",1.18281048079729,1.1753381242062,7.36118912755252e-10,6.1e-08,0.833333333333333,0.110719302521183,"LTR_ERV1","No","No","Prior demonstration in TCGA/PCAWG (21 of 300)","Prior demonstration in TCGA/PCAWG","Novel"
"130","LTR19A#LTR_ERV1","LTR_ERV1","LTR","OV",1.48700743962507,"large",1.11921754164947,1.10805470784069,8.87967432993727e-11,1.1e-08,0.857142857142857,0.0663579219156605,"LTR_ERV1","No","No","Prior demonstration in TCGA/PCAWG (21 of 300)","Prior demonstration in TCGA/PCAWG","Novel"
"131","LTR53B#LTR_ERVL","LTR_ERVL","LTR","OV",1.45505937200164,"large",1.21615999857299,1.21511795758678,1.72803672786947e-09,1.2e-07,0.904761904761905,0.123617103652875,"LTR_ERVL","No","No","Prior demonstration in TCGA/PCAWG (14 of 124)","Prior demonstration in TCGA/PCAWG","Novel"
"132","HERV4_I#LTR_ERV1","LTR_ERV1","LTR","OV",1.45246104605967,"large",1.12324029921643,1.1250270854891,1.77043555573787e-08,8.9e-07,0.880952380952381,0.0557168283098325,"LTR_ERV1","No","No","Prior demonstration in TCGA/PCAWG (21 of 300)","Prior demonstration in TCGA/PCAWG","Novel"
"133","LTR71A#LTR_ERV1","LTR_ERV1","LTR","OV",1.43906883616441,"large",1.15296475646116,1.16856847592761,6.83037086347836e-08,2.9e-06,0.857142857142857,0.091788521602984,"LTR_ERV1","No","No","Prior demonstration in TCGA/PCAWG (21 of 300)","Prior demonstration in TCGA/PCAWG","Novel"
"134","LTR21C#LTR_ERV1","LTR_ERV1","LTR","OV",-1.40460637627368,"large",1.23786071112147,1.21402297566887,1.28755546687735e-08,6.9e-07,0.69047619047619,0.118225306599987,"LTR_ERV1","No","No","Prior demonstration in TCGA/PCAWG (21 of 300)","Prior demonstration in TCGA/PCAWG","Novel"
"135","LTR10D#LTR_ERV1","LTR_ERV1","LTR","OV",1.34340741481241,"large",1.31562640106192,1.30129591903587,5.50727119413446e-09,3.3e-07,0.880952380952381,0.116492862866898,"LTR_ERV1","No","No","Prior demonstration in TCGA/PCAWG (21 of 300)","Prior demonstration in TCGA/PCAWG","Novel"
"136","MER50B#LTR_ERV1","LTR_ERV1","LTR","PRAD",-1.23334865375677,"large",1.08236244247072,1.07193081427289,0.000369399308316946,0.0033,0.789473684210526,0.0512262824146533,"LTR_ERV1","No","No","Prior demonstration in TCGA/PCAWG (21 of 300)","Prior demonstration in TCGA/PCAWG","Novel"
"137","X26_DNA#DNA_TcMar-Tigger","DNA_TcMar-Tigger","Transposable Elements","PRAD",1.19158584041921,"large",1.04620432107636,1.03808183397636,0.000369399308316946,0.0033,0.578947368421053,0.0306527148636037,"DNA_TcMar-Tigger","No","No","Prior demonstration in TCGA/PCAWG (9 of 81)","Prior demonstration in TCGA/PCAWG","Novel"
"138","MER68B#LTR_ERVL","LTR_ERVL","LTR","PRAD",1.07974528071904,"large",1.07796449849452,1.06762202161534,0.0046183080970526,0.024,0.421052631578947,0.0313507213094501,"LTR_ERVL","No","No","Prior demonstration in TCGA/PCAWG (14 of 124)","Prior demonstration in TCGA/PCAWG","Novel"
"139","LTR78B#LTR_ERV1","LTR_ERV1","LTR","PRAD",-1.03786594167358,"large",1.07230482529948,1.0462050574003,0.000697155696430253,0.0055,0.842105263157895,0.0607566152063323,"LTR_ERV1","No","No","Prior demonstration in TCGA/PCAWG (21 of 300)","Prior demonstration in TCGA/PCAWG","Novel"
"140","MER5C#DNA_hAT-Charlie","DNA_hAT-Charlie","Transposable Elements","PRAD",0.971369216988982,"large",1.06364260666459,1.05273359598043,0.000420770886989391,0.0037,0.473684210526316,0.0300119262782113,"DNA_hAT-Charlie","No","No","Prior demonstration in TCGA/PCAWG (15 of 82)","Prior demonstration in TCGA/PCAWG","Novel"
"141","PRIMA4_LTR#LTR_ERV1","LTR_ERV1","LTR","PRAD",-0.929338987883569,"large",1.10911951285675,1.06554499336661,0.0030632747463042,0.018,0.578947368421053,0.083913367149548,"LTR_ERV1","No","No","Prior demonstration in TCGA/PCAWG (21 of 300)","Prior demonstration in TCGA/PCAWG","Novel"
"142","MamGypLTR1d#LTR_Gypsy","LTR_Gypsy","LTR","PRAD",-0.924280796067857,"large",1.07424196788079,1.06720573576287,0.0108515135767639,0.047,0.789473684210526,0.0509217286652977,"LTR_Gypsy","Jang et al","No","Prior demonstration in TCGA/PCAWG (2 of 25)","Prior demonstration in TCGA/PCAWG","Prior demonstration in TCGA/PCAWG"
"143","Tigger10#DNA_TcMar-Tigger","DNA_TcMar-Tigger","Transposable Elements","PRAD",-0.918181907629109,"large",1.07208851352683,1.05977715267673,0.00126670142436453,0.0089,0.842105263157895,0.0435476086555644,"DNA_TcMar-Tigger","No","No","Prior demonstration in TCGA/PCAWG (9 of 81)","Prior demonstration in TCGA/PCAWG","Novel"
"144","tRNA-Gln-CAA_v#tRNA","tRNA","RNA Elements","PRAD",-0.902683699923507,"large",1.71886179349445,1.53860328739351,0.000122554071869737,0.0013,0.894736842105263,0.477704111606784,"tRNA","No","No","Subfamily Evidence","Subfamily Evidence","Subfamily Evidence"
"145","LTR53B#LTR_ERVL","LTR_ERVL","LTR","PRAD",-0.864356907285809,"large",1.09841380070153,1.09359655349491,0.00620397061515212,0.03,0.473684210526316,0.0354632508139631,"LTR_ERVL","No","No","Prior demonstration in TCGA/PCAWG (14 of 124)","Prior demonstration in TCGA/PCAWG","Novel"
"146","MLT1H#LTR_ERVL-MaLR","LTR_ERVL-MaLR","LTR","PRAD",-0.858440048444814,"large",1.06650841920913,1.0405859599486,0.00620397061515212,0.03,0.894736842105263,0.0602321855590002,"LTR_ERVL-MaLR","No","No","Prior demonstration in TCGA/PCAWG (21 of 49)","Prior demonstration in TCGA/PCAWG","Novel"
"147","LTR18C#LTR_ERVL","LTR_ERVL","LTR","PRAD",-0.842861274790689,"large",1.17394583214098,1.12183863884633,0.00750898019892555,0.035,0.526315789473684,0.146265190692652,"LTR_ERVL","No","No","Prior demonstration in TCGA/PCAWG (14 of 124)","Prior demonstration in TCGA/PCAWG","Novel"
"148","MLT1G#LTR_ERVL-MaLR","LTR_ERVL-MaLR","LTR","PRAD",-0.814770447785179,"large",1.05949519060414,1.04308456623731,0.00682929699905083,0.033,1,0.0505980541552112,"LTR_ERVL-MaLR","No","No","Prior demonstration in TCGA/PCAWG (21 of 49)","Prior demonstration in TCGA/PCAWG","Novel"
"149","MER4D#LTR_ERV1","LTR_ERV1","LTR","PRAD",0.802626712372015,"large",1.04836202856442,1.03855556514987,0.000543309511244898,0.0045,0.631578947368421,0.0353400018282188,"LTR_ERV1","No","No","Prior demonstration in TCGA/PCAWG (21 of 300)","Prior demonstration in TCGA/PCAWG","Novel"
"150","MER65C#LTR_ERV1","LTR_ERV1","LTR","PRAD",0.76297732398694,"moderate",1.06040258617775,1.0491919073285,0.00620397061515212,0.03,0.526315789473684,0.0297415202524937,"LTR_ERV1","No","No","Prior demonstration in TCGA/PCAWG (21 of 300)","Prior demonstration in TCGA/PCAWG","Novel"
"151","MER74C#LTR_ERVL","LTR_ERVL","LTR","STAD",-1.60994173876622,"large",1.1141983624346,1.10370778188039,1.12366955827873e-10,1.4e-08,0.763157894736842,0.0510166020497254,"LTR_ERVL","No","No","Prior demonstration in TCGA/PCAWG (14 of 124)","Prior demonstration in TCGA/PCAWG","Novel"
"152","LTR10B2#LTR_ERV1","LTR_ERV1","LTR","STAD",1.20549268154612,"large",1.11285225108808,1.09693639005864,2.61143572302284e-06,5e-05,0.736842105263158,0.0860626640289515,"LTR_ERV1","No","No","Prior demonstration in TCGA/PCAWG (21 of 300)","Prior demonstration in TCGA/PCAWG","Novel"
"153","7SK#snRNA","snRNA","RNA Elements","STAD",-1.01570909717732,"large",1.0794660682924,1.06547298987865,9.59531935939408e-06,0.00015,0.710526315789474,0.0383050840052398,"snRNA","No","No","Subfamily Evidence","Subfamily Evidence","Subfamily Evidence"
"154","Kanga1c#DNA_TcMar-Tc2","DNA_TcMar-Tc2","Transposable Elements","STAD",1.010139395327,"large",1.07520214400783,1.05930242628501,7.29086225076286e-07,1.9e-05,0.473684210526316,0.0354333008511436,"DNA_TcMar-Tc2","No","No","Novel","Novel","Novel"
"155","tRNA-Met_v#tRNA","tRNA","RNA Elements","STAD",0.982788268691423,"large",1.19574931040818,1.18192629054872,3.92867711999364e-05,5e-04,0.289473684210526,0.0378109749493411,"tRNA","No","No","Subfamily Evidence","Subfamily Evidence","Subfamily Evidence"
"156","tRNA-Ser-TCA(m)#tRNA","tRNA","RNA Elements","STAD",0.973795817527672,"large",1.2407467804628,1.20585812335912,5.28686954009792e-05,0.00063,0.263157894736842,0.0889913545186156,"tRNA","No","No","Subfamily Evidence","Subfamily Evidence","Subfamily Evidence"
"157","L1PB3#LINE_L1","LINE_L1","LINE","STAD",-0.964352055901034,"large",1.04879411644745,1.03681859578648,0.000267476818430865,0.0025,0.894736842105263,0.0448774917780282,"LINE_L1","Jang et al","Rodriguez-Martin et al","Prior demonstration in TCGA/PCAWG (132 of 132)","Prior demonstration in TCGA/PCAWG","Prior demonstration in TCGA/PCAWG"
"158","Eutr5#LTR","LTR","LTR","STAD",-0.963525522010124,"large",1.07164781329953,1.06263474911457,6.11986814932653e-05,0.00072,0.657894736842105,0.0337401973163499,"LTR","No","No","Subfamily Evidence","Subfamily Evidence","Subfamily Evidence"
"159","MER87B#LTR_ERV1","LTR_ERV1","LTR","STAD",-0.960931712072074,"large",1.13316559955405,1.11366006908837,8.56305235650513e-05,0.00095,0.394736842105263,0.0601884437032755,"LTR_ERV1","No","No","Prior demonstration in TCGA/PCAWG (21 of 300)","Prior demonstration in TCGA/PCAWG","Novel"
"160","U8#snRNA","snRNA","RNA Elements","STAD",0.959687414066891,"large",1.41329378205825,1.43719654669146,3.73688860719919e-05,0.00047,0.157894736842105,0.0894163450285438,"snRNA","No","No","Subfamily Evidence","Subfamily Evidence","Subfamily Evidence"
"161","U14#snRNA","snRNA","RNA Elements","STAD",0.957688938413197,"large",1.73956450209643,1.70850542946888,5.82947530015115e-05,0.00069,0.0789473684210526,0.183693558251804,"snRNA","No","No","Subfamily Evidence","Subfamily Evidence","Subfamily Evidence"
"162","tRNA-Arg-AGA#tRNA","tRNA","RNA Elements","STAD",0.955243342203685,"large",1.38935602931292,1.33511104507022,8.56305235650513e-05,0.00095,0.105263157894737,0.123623836550889,"tRNA","No","No","Subfamily Evidence","Subfamily Evidence","Subfamily Evidence"
"163","tRNA-Val-GTY#tRNA","tRNA","RNA Elements","STAD",0.952658427216014,"large",1.64593101334531,1.64593101334531,5.28686954009792e-05,0.00063,0.0526315789473684,0.322137869072653,"tRNA","No","No","Subfamily Evidence","Subfamily Evidence","Subfamily Evidence"
"164","tRNA-Met#tRNA","tRNA","RNA Elements","STAD",0.952328507544334,"large",1.29558066313558,1.28937351271873,7.07409420528701e-05,0.00081,0.105263157894737,0.0250171163946329,"tRNA","No","No","Subfamily Evidence","Subfamily Evidence","Subfamily Evidence"
"165","tRNA-Leu-TTA#tRNA","tRNA","RNA Elements","STAD",0.949657593349333,"large",NA,NA,8.97842452497146e-05,0.00099,0,NA,"tRNA","No","No","Subfamily Evidence","Subfamily Evidence","Subfamily Evidence"
"166","LTR27E#LTR_ERV1","LTR_ERV1","LTR","THCA",-0.970234639174062,"large",1.08196906332544,1.06864085957485,1.30732595014003e-05,0.00019,0.4375,0.0409897984279574,"LTR_ERV1","No","No","Prior demonstration in TCGA/PCAWG (21 of 300)","Prior demonstration in TCGA/PCAWG","Novel"
"167","MLT1D#LTR_ERVL-MaLR","LTR_ERVL-MaLR","LTR","THCA",0.957624584536192,"large",1.03473325342982,1.02730107835793,4.53550166809214e-06,7.8e-05,0.854166666666667,0.029480120556672,"LTR_ERVL-MaLR","Jang et al","No","Prior demonstration in TCGA/PCAWG (21 of 49)","Prior demonstration in TCGA/PCAWG","Prior demonstration in TCGA/PCAWG"
"168","MLT1B#LTR_ERVL-MaLR","LTR_ERVL-MaLR","LTR","THCA",0.957210669395671,"large",1.03680186809269,1.02358002552429,8.68829620791681e-06,0.00014,0.854166666666667,0.0311201176130459,"LTR_ERVL-MaLR","Jang et al","No","Prior demonstration in TCGA/PCAWG (21 of 49)","Prior demonstration in TCGA/PCAWG","Prior demonstration in TCGA/PCAWG"
"169","HERVIP10B3-int#LTR_ERV1","LTR_ERV1","LTR","THCA",0.952179487753689,"large",1.06568334424321,1.05224677397907,2.24858043303651e-05,0.00031,0.4375,0.0366164549540719,"LTR_ERV1","No","No","Prior demonstration in TCGA/PCAWG (21 of 300)","Prior demonstration in TCGA/PCAWG","Novel"
"170","L1PA3#LINE_L1","LINE_L1","LINE","THCA",-0.949470625707755,"large",1.0394213616593,1.02869004645085,9.72147255779803e-06,0.00015,0.895833333333333,0.0303430058970993,"LINE_L1","Jang et al","Rodriguez-Martin et al","Prior demonstration in TCGA/PCAWG (132 of 132)","Prior demonstration in TCGA/PCAWG","Prior demonstration in TCGA/PCAWG"
"171","MLT1C2#LTR_ERVL-MaLR","LTR_ERVL-MaLR","LTR","THCA",0.945343214653087,"large",1.03764369863773,1.02700292719608,1.08699362309554e-05,0.00016,0.916666666666667,0.0335187566913594,"LTR_ERVL-MaLR","No","No","Prior demonstration in TCGA/PCAWG (21 of 49)","Prior demonstration in TCGA/PCAWG","Novel"
"172","L1MB4#LINE_L1","LINE_L1","LINE","THCA",0.916546205946351,"large",1.02957499938622,1.02203590562113,5.94390100517625e-06,9.8e-05,0.958333333333333,0.0246564316837055,"LINE_L1","Jang et al","Rodriguez-Martin et al","Prior demonstration in TCGA/PCAWG (132 of 132)","Prior demonstration in TCGA/PCAWG","Prior demonstration in TCGA/PCAWG"
"173","SVA_E#Retroposon_SVA","Retroposon_SVA","Transposable Elements","THCA",0.898045673535004,"large",1.04761678625658,1.0458744617536,1.12804136081657e-05,0.00017,0.625,0.0287552184588452,"Retroposon_SVA","No","Rodriguez-Martin et al","Prior demonstration in TCGA/PCAWG (4 of 6)","Prior demonstration in TCGA/PCAWG","Prior demonstration in TCGA/PCAWG"
"174","MER31A#LTR_ERV1","LTR_ERV1","LTR","THCA",0.897735358882686,"large",1.05003335494555,1.04009618661173,3.08829110760122e-05,4e-04,0.5625,0.0296203287930797,"LTR_ERV1","No","No","Prior demonstration in TCGA/PCAWG (21 of 300)","Prior demonstration in TCGA/PCAWG","Novel"
"175","L1MC4a#LINE_L1","LINE_L1","LINE","THCA",-0.834526939078214,"large",1.03641262953054,1.02774181986821,3.80324652635671e-05,0.00048,0.9375,0.0302325253953966,"LINE_L1","No","Rodriguez-Martin et al","Prior demonstration in TCGA/PCAWG (132 of 132)","Prior demonstration in TCGA/PCAWG","Prior demonstration in TCGA/PCAWG"
"176","L1PA13#LINE_L1","LINE_L1","LINE","THCA",-0.833885935157806,"large",1.03804430489299,1.02754516669258,0.000110543560103659,0.0012,0.916666666666667,0.0312410091698012,"LINE_L1","Jang et al","Rodriguez-Martin et al","Prior demonstration in TCGA/PCAWG (132 of 132)","Prior demonstration in TCGA/PCAWG","Prior demonstration in TCGA/PCAWG"
"177","LTR21A#LTR_ERV1","LTR_ERV1","LTR","THCA",0.818141958106656,"large",1.10437117245121,1.09699903323801,0.000110543560103659,0.0012,0.395833333333333,0.0502331777522161,"LTR_ERV1","No","No","Prior demonstration in TCGA/PCAWG (21 of 300)","Prior demonstration in TCGA/PCAWG","Novel"
"178","MER74B#LTR_ERVL","LTR_ERVL","LTR","THCA",0.812161018220482,"large",1.06449118615454,1.05454563791327,0.000183474476893451,0.0018,0.541666666666667,0.0392334815238487,"LTR_ERVL","No","No","Prior demonstration in TCGA/PCAWG (14 of 124)","Prior demonstration in TCGA/PCAWG","Novel"
"179","L1PA17#LINE_L1","LINE_L1","LINE","THCA",-0.806204961786088,"large",1.03465755272893,1.02969561019575,0.000299288555362019,0.0027,0.875,0.0264131510866278,"LINE_L1","No","Rodriguez-Martin et al","Prior demonstration in TCGA/PCAWG (132 of 132)","Prior demonstration in TCGA/PCAWG","Prior demonstration in TCGA/PCAWG"
"180","MLT1M#LTR_ERVL-MaLR","LTR_ERVL-MaLR","LTR","THCA",0.79671530586333,"moderate",1.04455163893605,1.03723153038784,0.000161911430438051,0.0016,0.729166666666667,0.0314464595709447,"LTR_ERVL-MaLR","Jang et al","No","Prior demonstration in TCGA/PCAWG (21 of 49)","Prior demonstration in TCGA/PCAWG","Prior demonstration in TCGA/PCAWG"
